https://www.petwasteeliminator.com/blog/your-go-to-supplier.html,E3,E40,E20,E41
https://www.petwasteeliminator.com/blog/keep-your-parks-clean-using-pet-waste-station-bundles.html,E40,E3,E41,E10
https://www.petwasteeliminator.com/blog/how-to-spring-clean-your-parks.html,EKE13,PAWP101,E40,E3
https://www.petwasteeliminator.com/blog/build-the-perfect-dog-park-in-time-for-spring.html,E3,E40,E20,E41
https://www.petwasteeliminator.com/blog/spruce-up-your-dog-park-on-a-budget.html,E40,E20,E41,EKE13
https://www.petwasteeliminator.com/blog/focus-on-visitor-safety-in-your-parks.html,E40,E3,E41,HS1K
https://www.petwasteeliminator.com/blog/easy-tips-to-assemble-your-pet-waste-station.html,E3,E40,E41,E20
https://www.petwasteeliminator.com/blog/keep-park-visitors-safe-with-new-bandit-flags.html,E3,E40,E41,E20
https://www.petwasteeliminator.com/blog/stock-your-parks-with-the-most-needed-covid-19-supplies.html,E40,E3,E41,HS1K
https://www.petwasteeliminator.com/blog/celebrate-the-50th-anniversary-of-earth-day-with-sustainability-tips.html,E3,E40,E41,E20
https://www.petwasteeliminator.com/blog/add-die-cut-stations-to-your-park.html,E40,E46,E41,E21
https://www.petwasteeliminator.com/blog/how-to-increase-sponsorships-at-your-park.html,E41,E3,E42,E840C
https://www.petwasteeliminator.com/blog/top-solutions-to-excessive-pet-waste.html,E3,E1011,E40,SOL
https://www.petwasteeliminator.com/blog/celebrate-america-recycles-day.html,E40,E10,E35,E41
https://www.petwasteeliminator.com/blog/top-safety-tips-for-your-dog-park.html,E3,E40,EPP4GREDR,E41
https://www.petwasteeliminator.com/blog/fire-safety-tips-for-your-park.html,E3,E40,E41,E20
https://www.petwasteeliminator.com/blog/5-fall-themed-events-for-your-parks.html,E3,E40,E41,PAWPBK1
https://www.petwasteeliminator.com/blog/maintain-your-dog-park-in-a-few-easy-steps.html,E3,E40,KEDP3,E10
https://www.petwasteeliminator.com/blog/are-you-using-every-fundraising-tool-at-your-disposal.html,E3SP,E40,E41,E20
https://www.petwasteeliminator.com/blog/setting-up-a-dog-park.html,E3,E40,KEDP3,PAWS2Z
https://www.petwasteeliminator.com/blog/pack-your-park-with-visitors-year-round.html,E3,E40,KEDP3,PAWPBK3
https://www.petwasteeliminator.com/blog/swimming-pool-safety-tips.html,E3,E40,E10,E100C
https://www.petwasteeliminator.com/blog/5-stellar-tips-for-low-cost-marketing.html,E3,E40,E20,PAWPBK3
https://www.petwasteeliminator.com/blog/parks-recreation-industry-trends.html,E3,E40,KEDP3,PAWPBK3
https://www.petwasteeliminator.com/blog/are-you-protecting-your-parks-from-pet-waste.html,E3,E40,E41,E20
https://www.petwasteeliminator.com/blog/prepping-your-parks-for-spring.html,E3,E40,E41,KEDP3